id,first_name,last_name,email,gender,ip_address
1,Merrie,Gardiner,mgardiner0@examiner.com,Female,24.188.159.23
2,Lockwood,Emerton,lemerton1@taobao.com,Male,165.171.33.25
3,William,Rickford,wrickford2@noaa.gov,Male,59.89.151.116
4,Evelyn,Biermatowicz,ebiermatowicz3@homestead.com,Female,98.136.100.72
5,Phillip,Mattiazzi,pmattiazzi4@google.it,Male,107.125.147.19
6,Allsun,Ketchen,aketchen5@qq.com,Female,255.121.37.106
7,Gris,Stucksbury,gstucksbury6@privacy.gov.au,Male,25.218.66.126
8,Letti,Waddell,lwaddell7@deliciousdays.com,Female,120.15.211.177
9,Thorndike,Proske,tproske8@omniture.com,Male,9.155.191.157
10,Ailene,Chalker,achalker9@foxnews.com,Female,76.49.252.56
11,Bertrand,Giottoi,bgiottoia@oaic.gov.au,Male,200.167.1.176
12,Ricki,Rangall,rrangallb@yahoo.com,Female,92.7.27.67
13,Allx,Blackham,ablackhamc@seesaa.net,Female,108.77.149.167
14,Orrin,Rodnight,orodnightd@google.es,Male,152.147.8.9
15,Dominique,MacNelly,dmacnellye@google.cn,Male,75.50.27.178
16,Grayce,McFadin,gmcfadinf@plala.or.jp,Female,200.90.50.147
17,Brander,Stanlake,bstanlakeg@themeforest.net,Male,244.221.21.0
18,Jesse,Schimoni,jschimonih@unesco.org,Female,91.35.143.70
19,Kippie,Wonfar,kwonfari@yahoo.com,Male,79.151.131.72
20,Burnaby,Toghill,btoghillj@dailymotion.com,Male,24.239.110.100
21,Dorolice,Bordessa,dbordessak@dailymail.co.uk,Female,13.44.183.66
22,Melba,Nutten,mnuttenl@wikipedia.org,Female,229.59.198.105
23,Wallache,Philliskirk,wphilliskirkm@blogs.com,Male,14.46.126.119
24,Lin,Ballinger,lballingern@arstechnica.com,Male,98.88.44.52
25,Linn,Willisch,lwillischo@skype.com,Female,6.140.66.34
26,Fidela,Andryszczak,fandryszczakp@harvard.edu,Female,219.249.26.113
27,Donal,Liccardi,dliccardiq@theatlantic.com,Male,89.98.113.251
28,Renate,Jacob,rjacobr@japanpost.jp,Female,205.114.13.199
29,Davidde,Louca,dloucas@spiegel.de,Male,116.87.183.11
30,Vallie,Shilburne,vshilburnet@pcworld.com,Female,28.225.134.232
31,Yancey,Dufoure,ydufoureu@salon.com,Male,159.6.168.41
32,Clark,Johanning,cjohanningv@i2i.jp,Male,138.234.83.197
33,Clarinda,Benjafield,cbenjafieldw@ucsd.edu,Female,247.116.87.182
34,Carey,Marler,cmarlerx@simplemachines.org,Male,101.137.107.219
35,Pieter,Scaife,pscaifey@examiner.com,Male,180.142.16.220
36,Cort,Franck,cfranckz@histats.com,Male,166.29.91.175
37,Cody,Adamovsky,cadamovsky10@auda.org.au,Male,58.38.103.223
38,Anallese,Fishley,afishley11@whitehouse.gov,Female,95.5.222.188
39,Teodor,De Bruijn,tdebruijn12@list-manage.com,Male,85.177.149.36
40,Guinevere,Nevett,gnevett13@cnet.com,Female,67.36.240.161
41,Madelaine,Stodart,mstodart14@ucoz.ru,Female,115.96.30.11
42,Rollin,Prosh,rprosh15@pbs.org,Male,168.220.200.239
43,Raimundo,Oxshott,roxshott16@tiny.cc,Male,45.192.23.133
44,Juieta,McDougal,jmcdougal17@boston.com,Female,166.90.113.60
45,Guthrey,Augustine,gaugustine18@ocn.ne.jp,Male,253.99.1.229
46,Alvan,Lempertz,alempertz19@blogs.com,Male,200.165.217.61
47,Pauletta,Yerson,pyerson1a@xrea.com,Female,195.165.100.188
48,Gayleen,Pessolt,gpessolt1b@unc.edu,Female,66.120.113.42
49,Zandra,Guillond,zguillond1c@goo.ne.jp,Female,15.92.59.122
50,Josepha,Goter,jgoter1d@creativecommons.org,Female,68.48.136.159
51,Alicea,Smolan,asmolan1e@wsj.com,Female,86.67.124.17
52,Ludvig,Jinkin,ljinkin1f@smugmug.com,Male,181.59.147.246
53,Sarette,Maliffe,smaliffe1g@sitemeter.com,Female,92.214.48.27
54,Laurie,Elven,lelven1h@alexa.com,Female,64.110.150.145
55,Christoffer,Franzen,cfranzen1i@sourceforge.net,Male,158.179.43.137
56,Gustie,Romanini,gromanini1j@cnn.com,Female,229.180.243.121
57,Pippo,Franks,pfranks1k@addthis.com,Male,114.186.75.22
58,Newton,Cantera,ncantera1l@marriott.com,Male,228.199.24.122
59,Dom,Simmins,dsimmins1m@timesonline.co.uk,Male,229.93.108.164
60,Esme,Kliment,ekliment1n@cdbaby.com,Male,193.158.13.238
61,Darren,Manby,dmanby1o@cdbaby.com,Male,228.187.136.211
62,Tina,Calwell,tcalwell1p@jugem.jp,Female,109.149.15.100
63,Steve,Thompkins,sthompkins1q@ifeng.com,Male,93.84.115.9
64,Graham,Tomasini,gtomasini1r@hostgator.com,Male,77.229.184.250
65,Alden,Jemmison,ajemmison1s@economist.com,Male,139.137.181.79
66,Fallon,Hearmon,fhearmon1t@vk.com,Female,212.67.126.170
67,Keven,Rudge,krudge1u@kickstarter.com,Male,74.74.253.165
68,Abner,Trenouth,atrenouth1v@opensource.org,Male,229.231.241.169
69,Osgood,Belk,obelk1w@si.edu,Male,123.189.5.22
70,Fey,Organ,forgan1x@admin.ch,Female,142.11.154.33
71,Gert,Rudd,grudd1y@sun.com,Female,212.171.68.248
72,Lolita,Meco,lmeco1z@cisco.com,Female,57.48.100.247
73,Filberte,Tarling,ftarling20@ehow.com,Male,201.207.178.206
74,Gordan,Giacomozzo,ggiacomozzo21@tiny.cc,Male,122.26.176.100
75,Joceline,Wabersinke,jwabersinke22@alibaba.com,Female,207.239.126.246
76,Revkah,Hembling,rhembling23@mozilla.com,Female,63.224.203.252
77,Zacharie,Shuttell,zshuttell24@sfgate.com,Male,76.42.196.213
78,Ashlen,Jonathon,ajonathon25@forbes.com,Female,166.180.161.142
79,Ezequiel,Hosier,ehosier26@bing.com,Male,183.182.78.61
80,Josepha,O'Dea,jodea27@gnu.org,Female,204.168.186.239
81,Bondy,Porch,bporch28@usnews.com,Male,148.168.182.194
82,Gwyn,Keaveny,gkeaveny29@fotki.com,Female,51.59.101.215
83,Clarance,Suddaby,csuddaby2a@feedburner.com,Male,182.63.9.206
84,Berkie,Lorenc,blorenc2b@go.com,Male,58.168.88.160
85,Sasha,Whitworth,swhitworth2c@admin.ch,Male,137.209.6.167
86,Beitris,Sidworth,bsidworth2d@instagram.com,Female,107.5.235.93
87,Edd,Evens,eevens2e@mtv.com,Male,235.162.190.123
88,Adriane,Canham,acanham2f@free.fr,Female,6.161.205.250
89,Anderson,Jeffries,ajeffries2g@myspace.com,Male,36.236.239.23
90,Guglielma,Symones,gsymones2h@washington.edu,Female,202.71.106.85
91,Alf,Jupe,ajupe2i@ft.com,Male,17.5.52.221
92,Glynis,Palmer,gpalmer2j@google.es,Female,143.55.11.246
93,Ramsay,Huson,rhuson2k@sbwire.com,Male,241.87.31.231
94,Noach,Harte,nharte2l@pcworld.com,Male,70.209.125.252
95,Elana,Dengate,edengate2m@nps.gov,Female,134.102.214.193
96,Lammond,Malkinson,lmalkinson2n@mit.edu,Male,165.91.59.34
97,Douglass,Edowes,dedowes2o@jimdo.com,Male,24.184.218.56
98,Farleigh,Flarity,fflarity2p@biblegateway.com,Male,96.145.116.61
99,Giustino,Tabert,gtabert2q@ameblo.jp,Male,212.239.130.202
100,Julie,Marrion,jmarrion2r@unc.edu,Female,149.90.212.149
101,Shandeigh,Cockrill,scockrill2s@paypal.com,Female,29.55.220.125
102,Cosimo,Tabard,ctabard2t@infoseek.co.jp,Male,242.171.164.103
103,Benjamin,Barnicott,bbarnicott2u@hubpages.com,Male,25.90.48.151
104,Anni,Sarsons,asarsons2v@unblog.fr,Female,222.216.175.70
105,Clarie,Tant,ctant2w@yellowbook.com,Female,162.255.28.90
106,Rossy,Whitehall,rwhitehall2x@soundcloud.com,Male,3.38.212.79
107,Sayre,Hought,shought2y@hibu.com,Female,66.179.129.101
108,Nana,Fidilis,nfidilis2z@pen.io,Female,250.80.2.26
109,Deerdre,Laible,dlaible30@deviantart.com,Female,85.221.128.174
110,Sabra,Leander,sleander31@people.com.cn,Female,37.135.202.181
111,Cornelia,Moy,cmoy32@lycos.com,Female,68.54.120.178
112,Talyah,Ellsworthe,tellsworthe33@washington.edu,Female,9.182.62.27
113,Hadley,Worgan,hworgan34@hibu.com,Male,201.47.144.35
114,Mead,Southcombe,msouthcombe35@theguardian.com,Female,157.114.4.67
115,Andriana,Philpin,aphilpin36@thetimes.co.uk,Female,158.247.138.195
116,Patin,Rutherford,prutherford37@paypal.com,Male,251.252.143.232
117,Kristopher,Gilyatt,kgilyatt38@feedburner.com,Male,249.200.30.224
118,Bobbie,Curr,bcurr39@telegraph.co.uk,Male,51.86.255.134
119,Antonin,Iannelli,aiannelli3a@newsvine.com,Male,77.147.249.199
120,Sloan,Jancy,sjancy3b@mayoclinic.com,Male,29.3.121.130
121,Matthias,Harlock,mharlock3c@lycos.com,Male,113.98.95.20
122,Rutger,Libby,rlibby3d@forbes.com,Male,221.226.115.45
123,Patti,Keaton,pkeaton3e@constantcontact.com,Female,67.73.141.30
124,Barrie,Bilsland,bbilsland3f@furl.net,Female,85.214.215.78
125,Denys,Dimitriades,ddimitriades3g@comcast.net,Male,83.29.36.63
126,Flory,Spehr,fspehr3h@hatena.ne.jp,Male,238.154.175.146
127,Taffy,Ivanyutin,tivanyutin3i@nasa.gov,Female,36.117.84.140
128,Damiano,Bridgett,dbridgett3j@google.pl,Male,128.155.59.45
129,Rae,Sheldrick,rsheldrick3k@cdc.gov,Female,180.16.215.39
130,Lorry,Manuaud,lmanuaud3l@alexa.com,Female,19.78.192.190
131,Purcell,McNuff,pmcnuff3m@topsy.com,Male,133.175.128.169
132,Freda,Buntin,fbuntin3n@gmpg.org,Female,140.44.16.137
133,Dix,Bone,dbone3o@freewebs.com,Female,231.148.63.74
134,Korry,Bewshaw,kbewshaw3p@mapy.cz,Female,88.15.242.23
135,Mahala,Blackmore,mblackmore3q@toplist.cz,Female,154.108.208.71
136,Marin,Rawstron,mrawstron3r@howstuffworks.com,Female,241.193.68.254
137,Bevan,Hicklingbottom,bhicklingbottom3s@sohu.com,Male,29.160.113.161
138,Laird,O'Duggan,loduggan3t@xinhuanet.com,Male,204.244.31.176
139,Jdavie,Dickenson,jdickenson3u@hud.gov,Male,110.164.68.239
140,Ganny,Boyer,gboyer3v@icq.com,Male,112.23.209.70
141,Alayne,Ronayne,aronayne3w@ucsd.edu,Female,146.208.96.58
142,Joni,Ginglell,jginglell3x@homestead.com,Female,237.67.50.101
143,Woody,Huntly,whuntly3y@rakuten.co.jp,Male,226.178.191.134
144,Jereme,Fairey,jfairey3z@de.vu,Male,239.156.75.113
145,Catlaina,Karoly,ckaroly40@domainmarket.com,Female,5.174.118.159
146,Rhys,Marsay,rmarsay41@chronoengine.com,Male,101.84.10.37
147,Sydel,Gaul,sgaul42@chronoengine.com,Female,186.100.12.58
148,Jilleen,Arnao,jarnao43@tiny.cc,Female,166.143.202.99
149,Chevy,Johananoff,cjohananoff44@weather.com,Male,101.181.173.26
150,Junia,Heaton,jheaton45@upenn.edu,Female,162.227.184.252
151,Alvie,Dudhill,adudhill46@hostgator.com,Male,12.158.40.103
152,Donaugh,Tippell,dtippell47@china.com.cn,Male,252.180.212.94
153,Monte,Angrock,mangrock48@mail.ru,Male,46.200.203.131
154,Hadlee,Tripett,htripett49@howstuffworks.com,Male,94.252.211.238
155,Rozalie,Kausche,rkausche4a@oaic.gov.au,Female,249.105.245.124
156,Chloris,Dome,cdome4b@theglobeandmail.com,Female,115.233.178.123
157,Ellary,Vynehall,evynehall4c@discuz.net,Male,69.220.167.222
158,Fonz,Leabeater,fleabeater4d@constantcontact.com,Male,74.109.167.169
159,Allan,Erwin,aerwin4e@tumblr.com,Male,197.78.43.135
160,Phillipp,Gwyneth,pgwyneth4f@blogger.com,Male,197.192.99.113
161,Samara,Belfrage,sbelfrage4g@wikispaces.com,Female,180.31.208.1
162,Benedetta,Cressingham,bcressingham4h@bbb.org,Female,211.212.238.20
163,Elihu,Gouny,egouny4i@cisco.com,Male,248.174.154.186
164,Sosanna,Jeannard,sjeannard4j@example.com,Female,156.183.52.37
165,Lukas,Helks,lhelks4k@nhs.uk,Male,172.244.70.221
166,Blake,Napoleone,bnapoleone4l@blogger.com,Female,31.110.112.70
167,Deerdre,Rowatt,drowatt4m@creativecommons.org,Female,182.43.175.80
168,Mill,Ferrier,mferrier4n@time.com,Male,137.116.147.0
169,Yelena,Colvine,ycolvine4o@google.ru,Female,178.155.98.155
170,Lorens,Rawlcliffe,lrawlcliffe4p@technorati.com,Male,158.235.141.104
171,Monroe,Alen,malen4q@mit.edu,Male,195.105.124.81
172,Arabella,Sambidge,asambidge4r@alibaba.com,Female,113.188.232.167
173,Elysia,Pundy,epundy4s@shop-pro.jp,Female,182.65.146.132
174,Morris,Jon,mjon4t@cafepress.com,Male,110.169.219.36
175,Witty,Hercules,whercules4u@hhs.gov,Male,125.3.154.65
176,Timofei,Braidley,tbraidley4v@g.co,Male,159.102.77.3
177,Melina,Tonkinson,mtonkinson4w@timesonline.co.uk,Female,179.100.171.8
178,Janenna,Bernaciak,jbernaciak4x@illinois.edu,Female,146.224.150.43
179,Curcio,Spaldin,cspaldin4y@yale.edu,Male,54.5.230.67
180,Ronny,Yuryev,ryuryev4z@privacy.gov.au,Male,191.177.131.93
181,Iris,Abreheart,iabreheart50@addtoany.com,Female,121.88.85.117
182,Humfrid,Duiguid,hduiguid51@un.org,Male,163.106.26.63
183,Leta,Bisp,lbisp52@yahoo.co.jp,Female,211.53.86.188
184,Dilly,Tytterton,dtytterton53@harvard.edu,Male,21.127.103.70
185,Cary,Lapsley,clapsley54@irs.gov,Male,225.173.229.39
186,Aron,Harburtson,aharburtson55@census.gov,Male,212.171.83.92
187,Fonsie,Mathiassen,fmathiassen56@scientificamerican.com,Male,108.172.90.229
188,Dotty,Newburn,dnewburn57@is.gd,Female,96.111.107.122
189,Corette,Hynes,chynes58@goodreads.com,Female,112.0.143.33
190,Rustin,Queyeiro,rqueyeiro59@redcross.org,Male,8.60.147.111
191,Lola,Richardes,lrichardes5a@java.com,Female,247.21.82.54
192,Ninette,Scroggins,nscroggins5b@amazon.com,Female,210.186.54.255
193,Ellie,De La Coste,edelacoste5c@rambler.ru,Female,173.172.126.82
194,Sandy,Cossons,scossons5d@mapy.cz,Male,186.23.52.124
195,Barris,Zapatero,bzapatero5e@freewebs.com,Male,129.150.26.107
196,Carmelia,Emor,cemor5f@de.vu,Female,3.81.152.56
197,Brianna,Bonhill,bbonhill5g@telegraph.co.uk,Female,78.231.195.46
198,Bendick,Tieman,btieman5h@phpbb.com,Male,48.244.141.216
199,Wernher,Raitt,wraitt5i@yelp.com,Male,12.135.197.52
200,Sanford,Hayman,shayman5j@ask.com,Male,237.47.241.80
201,Harmonie,Labarre,hlabarre5k@sbwire.com,Female,232.6.108.137
202,Cass,Castaignet,ccastaignet5l@salon.com,Female,114.201.220.150
203,Salvador,Averall,saverall5m@indiegogo.com,Male,36.24.143.27
204,Ivonne,Souley,isouley5n@cnet.com,Female,252.240.140.55
205,Rae,Dankersley,rdankersley5o@nifty.com,Female,129.132.180.176
206,Livvie,Snowling,lsnowling5p@freewebs.com,Female,62.116.82.148
207,Dulcie,Champ,dchamp5q@nih.gov,Female,237.27.32.212
208,Eve,Windous,ewindous5r@wix.com,Female,6.251.82.52
209,Jacinda,Towne,jtowne5s@clickbank.net,Female,102.82.175.122
210,Leonanie,Horche,lhorche5t@chron.com,Female,227.45.140.50
211,Oberon,Laban,olaban5u@engadget.com,Male,147.209.9.217
212,Merrill,Shenfisch,mshenfisch5v@i2i.jp,Male,162.188.44.61
213,Dreddy,Meachem,dmeachem5w@tripadvisor.com,Female,206.254.196.81
214,Judith,McKeeman,jmckeeman5x@arstechnica.com,Female,208.245.7.97
215,Babb,Yerbury,byerbury5y@over-blog.com,Female,151.102.98.185
216,Brew,Sinson,bsinson5z@paginegialle.it,Male,171.147.252.110
217,Devan,Held,dheld60@miitbeian.gov.cn,Female,110.39.127.66
218,Gussi,Adenet,gadenet61@arstechnica.com,Female,130.181.14.223
219,Keelby,Willgoose,kwillgoose62@columbia.edu,Male,56.58.52.79
220,Errick,Dibsdale,edibsdale63@zdnet.com,Male,218.71.85.191
221,Craggy,Cuseck,ccuseck64@surveymonkey.com,Male,9.195.120.61
222,Daisi,Gudgen,dgudgen65@rakuten.co.jp,Female,18.204.220.215
223,Rock,Beville,rbeville66@bandcamp.com,Male,228.138.173.17
224,Iona,Lamanby,ilamanby67@mozilla.com,Female,122.62.219.35
225,Ernst,Alwen,ealwen68@springer.com,Male,103.108.187.243
226,Edithe,Tooth,etooth69@w3.org,Female,152.124.166.162
227,Hewett,Polfer,hpolfer6a@whitehouse.gov,Male,164.193.35.120
228,Theodora,Snoddin,tsnoddin6b@discuz.net,Female,231.186.46.154
229,Thom,Rebanks,trebanks6c@ycombinator.com,Male,61.107.19.154
230,Kit,Fownes,kfownes6d@pbs.org,Male,231.139.13.109
231,Whittaker,Toquet,wtoquet6e@bbb.org,Male,23.105.125.67
232,Pryce,Buncher,pbuncher6f@mashable.com,Male,225.146.80.154
233,Mercy,Salthouse,msalthouse6g@deviantart.com,Female,233.153.27.138
234,Nichole,Sabatier,nsabatier6h@toplist.cz,Male,230.39.8.146
235,Gill,Ebanks,gebanks6i@ebay.co.uk,Female,31.137.207.143
236,Fiona,Greatbank,fgreatbank6j@wp.com,Female,184.151.143.8
237,Davidson,Stilwell,dstilwell6k@redcross.org,Male,4.214.200.168
238,Ruthanne,Knottley,rknottley6l@ucla.edu,Female,130.59.38.96
239,Johann,Scarbarrow,jscarbarrow6m@mediafire.com,Male,138.133.191.21
240,Bernelle,Schiesterl,bschiesterl6n@360.cn,Female,110.84.181.73
241,Chevy,Gubbins,cgubbins6o@myspace.com,Male,148.109.158.145
242,Cyrillus,Hallows,challows6p@amazon.com,Male,114.187.232.148
243,Ulrike,Westwick,uwestwick6q@stanford.edu,Female,145.162.85.127
244,Toma,Dykas,tdykas6r@usa.gov,Female,136.160.6.101
245,Vivyanne,Lung,vlung6s@reverbnation.com,Female,1.97.76.139
246,Patrizio,Matuszyk,pmatuszyk6t@marketwatch.com,Male,214.147.166.35
247,Otis,Sennett,osennett6u@cnet.com,Male,180.94.111.64
248,Colin,Brigginshaw,cbrigginshaw6v@si.edu,Male,242.52.187.141
249,Gwenni,Renison,grenison6w@mtv.com,Female,12.201.207.237
250,Barbabas,Hargerie,bhargerie6x@amazon.com,Male,99.207.134.55
251,Haily,Plowes,hplowes6y@liveinternet.ru,Male,167.128.12.10
252,Nelle,Wheater,nwheater6z@wikia.com,Female,157.28.92.146
253,Abbot,Milsom,amilsom70@wunderground.com,Male,150.28.58.14
254,Sharline,Roff,sroff71@jiathis.com,Female,158.26.113.118
255,Bond,Yewman,byewman72@google.es,Male,157.34.160.31
256,Fredric,Hamon,fhamon73@nytimes.com,Male,20.186.248.177
257,Christoper,Minchella,cminchella74@cbc.ca,Male,69.254.205.224
258,Wayland,Baszkiewicz,wbaszkiewicz75@people.com.cn,Male,237.48.124.90
259,Jorry,Tick,jtick76@ucsd.edu,Female,213.204.82.187
260,Lydon,Fetter,lfetter77@elpais.com,Male,126.163.16.21
261,Eartha,Lodeke,elodeke78@t-online.de,Female,123.54.82.69
262,Delilah,Bordiss,dbordiss79@scientificamerican.com,Female,196.3.113.86
263,Francesca,Conrard,fconrard7a@timesonline.co.uk,Female,247.123.170.64
264,Tallia,Spaducci,tspaducci7b@google.fr,Female,111.202.244.137
265,Doll,Sandeland,dsandeland7c@bbc.co.uk,Female,154.33.33.11
266,Izabel,Whittington,iwhittington7d@flavors.me,Female,111.101.52.55
267,Biddy,Asher,basher7e@pinterest.com,Female,175.248.189.22
268,Kelsey,Gingel,kgingel7f@opensource.org,Female,54.103.88.125
269,Templeton,Frigout,tfrigout7g@moonfruit.com,Male,225.48.51.170
270,Claybourne,Rudd,crudd7h@ifeng.com,Male,143.221.234.105
271,Evie,Driutti,edriutti7i@yahoo.co.jp,Female,249.32.251.245
272,Sharona,Eberst,seberst7j@telegraph.co.uk,Female,69.70.66.133
273,Barbabas,Tooher,btooher7k@shinystat.com,Male,49.115.126.142
274,Nikos,Lapre,nlapre7l@github.io,Male,220.36.154.38
275,Muire,Sizeland,msizeland7m@elegantthemes.com,Female,162.176.121.108
276,Rouvin,Beetham,rbeetham7n@shareasale.com,Male,179.133.164.107
277,Gussi,Klimkin,gklimkin7o@over-blog.com,Female,16.213.71.138
278,Elsi,Walthew,ewalthew7p@wunderground.com,Female,81.209.186.180
279,Port,Mingasson,pmingasson7q@ezinearticles.com,Male,149.43.112.212
280,Jud,Kenninghan,jkenninghan7r@sbwire.com,Male,145.100.225.163
281,Patrizius,McCumskay,pmccumskay7s@google.com.br,Male,0.71.107.48
282,Caye,Domingues,cdomingues7t@time.com,Female,159.247.230.73
283,Fraser,Stedmond,fstedmond7u@linkedin.com,Male,199.91.59.235
284,Adrea,Durant,adurant7v@google.de,Female,232.250.35.199
285,Chloe,Andreu,candreu7w@hatena.ne.jp,Female,86.218.115.145
286,Abdel,McGlynn,amcglynn7x@gnu.org,Male,240.136.255.172
287,Westley,Champkins,wchampkins7y@pbs.org,Male,4.251.140.209
288,Beatrice,Botting,bbotting7z@myspace.com,Female,150.75.119.162
289,Bil,Scare,bscare80@meetup.com,Male,90.148.168.202
290,Andre,Dedney,adedney81@blogger.com,Male,216.156.203.6
291,Pieter,Tummons,ptummons82@soundcloud.com,Male,145.57.8.203
292,Fanny,Eim,feim83@businessinsider.com,Female,194.1.237.68
293,Bev,O'Dyvoie,bodyvoie84@berkeley.edu,Male,19.174.1.47
294,Derry,Phripp,dphripp85@sphinn.com,Male,23.35.101.138
295,Inez,Treher,itreher86@gizmodo.com,Female,230.47.118.222
296,Nanette,Jiruca,njiruca87@domainmarket.com,Female,1.24.182.67
297,Delmore,Eykelhof,deykelhof88@bluehost.com,Male,89.130.101.30
298,Lidia,Whitworth,lwhitworth89@gizmodo.com,Female,132.192.238.72
299,Koressa,Pollington,kpollington8a@deliciousdays.com,Female,157.176.134.78
300,Angelico,Wemes,awemes8b@purevolume.com,Male,184.78.99.171
301,Dietrich,Poytress,dpoytress8c@nih.gov,Male,109.242.37.165
302,Denna,Gagan,dgagan8d@whitehouse.gov,Female,227.86.252.138
303,Elwira,Westnage,ewestnage8e@canalblog.com,Female,254.214.167.101
304,Katerina,Nicolls,knicolls8f@cafepress.com,Female,19.136.46.39
305,Kariotta,Symcoxe,ksymcoxe8g@people.com.cn,Female,192.129.181.203
306,Gillian,Dunkley,gdunkley8h@census.gov,Female,55.76.188.100
307,Vivienne,Simenet,vsimenet8i@addtoany.com,Female,81.205.88.175
308,Vladimir,Mathers,vmathers8j@studiopress.com,Male,124.18.177.179
309,Kendra,Banisch,kbanisch8k@friendfeed.com,Female,253.8.123.55
310,Ansel,Oxley,aoxley8l@reddit.com,Male,252.125.249.151
311,Marcello,Doylend,mdoylend8m@fda.gov,Male,199.115.196.177
312,Rowe,Ismead,rismead8n@webs.com,Female,117.195.89.130
313,Bartolomeo,Croke,bcroke8o@fema.gov,Male,93.34.241.215
314,Adda,Phil,aphil8p@google.it,Female,0.196.86.50
315,Bale,Wissbey,bwissbey8q@census.gov,Male,196.97.187.244
316,Saul,Slaymaker,sslaymaker8r@loc.gov,Male,17.136.137.63
317,Essie,Conahy,econahy8s@toplist.cz,Female,186.113.103.119
318,Melisenda,Hamlett,mhamlett8t@nytimes.com,Female,234.49.187.66
319,Magdaia,Tullett,mtullett8u@shinystat.com,Female,28.129.207.75
320,Constantia,Cabble,ccabble8v@slideshare.net,Female,49.155.246.141
321,Lonee,Bruyet,lbruyet8w@facebook.com,Female,98.190.236.212
322,Susie,Wingfield,swingfield8x@amazonaws.com,Female,67.214.98.35
323,Montgomery,Guillond,mguillond8y@oracle.com,Male,107.111.228.156
324,Malvin,Tredgold,mtredgold8z@chronoengine.com,Male,86.81.13.249
325,Patrizio,Merryfield,pmerryfield90@skyrock.com,Male,141.229.205.169
326,Helli,Graver,hgraver91@omniture.com,Female,33.88.168.84
327,Sinclare,Ardling,sardling92@shop-pro.jp,Male,71.75.242.163
328,Bettye,Deluce,bdeluce93@wp.com,Female,152.121.176.121
329,Malcolm,Josland,mjosland94@archive.org,Male,31.164.34.193
330,Briggs,Godthaab,bgodthaab95@mediafire.com,Male,201.38.92.162
331,Thomasina,Hamprecht,thamprecht96@fc2.com,Female,254.60.239.16
332,Aluino,McDirmid,amcdirmid97@over-blog.com,Male,73.133.167.59
333,Halimeda,Pickerin,hpickerin98@arizona.edu,Female,151.112.198.97
334,Nicholle,Gyurko,ngyurko99@skyrock.com,Female,68.33.108.34
335,Lief,Gibling,lgibling9a@admin.ch,Male,56.168.37.251
336,Laurella,Antoszewski,lantoszewski9b@newyorker.com,Female,145.80.72.167
337,Valentina,Noods,vnoods9c@techcrunch.com,Female,53.223.175.41
338,Town,Salack,tsalack9d@ustream.tv,Male,172.220.190.135
339,Ximenez,Burgen,xburgen9e@wikispaces.com,Male,147.8.231.121
340,Ajay,Hunt,ahunt9f@aol.com,Female,163.243.233.183
341,Constantin,Jose,cjose9g@tripod.com,Male,255.225.28.20
342,Augy,Elletson,aelletson9h@youtube.com,Male,108.138.201.222
343,Sorcha,Mathwen,smathwen9i@w3.org,Female,59.195.174.225
344,Tedda,Gepson,tgepson9j@printfriendly.com,Female,1.224.174.238
345,Brandyn,Cahalan,bcahalan9k@cdc.gov,Male,215.94.178.210
346,Melvin,Bettington,mbettington9l@miibeian.gov.cn,Male,49.180.148.33
347,Les,Van de Castele,lvandecastele9m@netlog.com,Male,144.77.151.246
348,Ruby,Cannop,rcannop9n@jimdo.com,Male,133.99.6.107
349,Lennard,Itzhaiek,litzhaiek9o@yolasite.com,Male,88.45.146.102
350,Clarinda,Elnor,celnor9p@wisc.edu,Female,202.112.32.36
351,Olly,Naldrett,onaldrett9q@paginegialle.it,Male,67.171.32.77
352,Sile,Cleare,scleare9r@webeden.co.uk,Female,199.217.77.147
353,Justen,Fairman,jfairman9s@globo.com,Male,42.22.163.23
354,Tristan,Helix,thelix9t@quantcast.com,Male,179.64.157.108
355,Jennie,Trayte,jtrayte9u@studiopress.com,Female,157.191.119.18
356,Hattie,Abrahmer,habrahmer9v@rediff.com,Female,245.37.135.120
357,Elihu,Cramp,ecramp9w@skyrock.com,Male,124.88.2.105
358,Bealle,Delue,bdelue9x@goodreads.com,Male,149.188.172.165
359,Fawnia,Devenport,fdevenport9y@istockphoto.com,Female,73.147.237.146
360,La verne,Prantl,lprantl9z@domainmarket.com,Female,127.184.18.38
361,Juieta,Worvill,jworvilla0@cnn.com,Female,19.90.117.47
362,Vergil,Antonescu,vantonescua1@squarespace.com,Male,227.225.221.167
363,Thaine,King,tkinga2@g.co,Male,17.54.92.141
364,Sonny,Largan,slargana3@joomla.org,Female,53.49.122.156
365,Selinda,Osgorby,sosgorbya4@phoca.cz,Female,190.201.49.120
366,Herve,Rydzynski,hrydzynskia5@t-online.de,Male,140.226.15.122
367,Willy,Howells,whowellsa6@rambler.ru,Female,65.201.74.35
368,Agna,Earsman,aearsmana7@spiegel.de,Female,44.185.201.147
369,Lorine,Fricke,lfrickea8@fastcompany.com,Female,71.121.185.232
370,Chery,Burgon,cburgona9@time.com,Female,79.126.187.245
371,Josepha,Comelli,jcomelliaa@tumblr.com,Female,228.49.198.53
372,Darryl,Holmyard,dholmyardab@ustream.tv,Female,37.18.161.42
373,Mona,Kelcher,mkelcherac@pbs.org,Female,165.248.142.205
374,Evelin,Jurick,ejurickad@canalblog.com,Male,124.96.196.8
375,Muffin,Summerson,msummersonae@theglobeandmail.com,Male,255.55.200.113
376,Mellicent,Dulen,mdulenaf@comsenz.com,Female,195.122.99.203
377,Early,Postians,epostiansag@hhs.gov,Male,122.204.22.0
378,Marcy,Simenet,msimenetah@shareasale.com,Female,124.53.142.105
379,Binky,Burden,bburdenai@nps.gov,Male,87.172.127.207
380,Raviv,Kenwin,rkenwinaj@techcrunch.com,Male,74.119.43.245
381,Derrik,Cokly,dcoklyak@feedburner.com,Male,29.223.223.242
382,Yolanthe,Andrick,yandrickal@columbia.edu,Female,26.107.231.46
383,Kendrick,Kisar,kkisaram@zimbio.com,Male,172.207.45.213
384,Karylin,Heifer,kheiferan@wunderground.com,Female,255.194.164.39
385,Kellen,Pikhno,kpikhnoao@answers.com,Female,226.6.131.219
386,Charlton,Latan,clatanap@mashable.com,Male,208.15.157.46
387,Ardis,Gamlen,agamlenaq@de.vu,Female,248.136.239.232
388,Abba,Rucklidge,arucklidgear@feedburner.com,Male,128.123.86.64
389,Yorke,Deal,ydealas@livejournal.com,Male,106.224.141.55
390,Toby,Horlock,thorlockat@weather.com,Female,191.26.191.64
391,Emera,Bedo,ebedoau@unicef.org,Female,197.231.115.209
392,Ronnie,Manston,rmanstonav@mozilla.com,Male,163.190.33.101
393,Frazer,Carlucci,fcarlucciaw@wikia.com,Male,239.205.137.224
394,Sully,Langforth,slangforthax@1688.com,Male,72.209.171.61
395,Chris,Tourle,ctourleay@house.gov,Male,109.35.206.196
396,Gualterio,Prestige,gprestigeaz@storify.com,Male,106.178.151.11
397,Krishna,Todd,ktoddb0@myspace.com,Male,7.78.85.213
398,Roselia,Pollastro,rpollastrob1@state.tx.us,Female,88.0.44.234
399,Giuditta,O'Shevlan,goshevlanb2@china.com.cn,Female,246.203.145.180
400,Huntington,Knapman,hknapmanb3@hp.com,Male,146.47.100.216
401,Cyril,Maro,cmarob4@marketwatch.com,Male,18.251.28.84
402,Denys,McLugish,dmclugishb5@youtu.be,Male,215.216.19.35
403,Lyda,Spancock,lspancockb6@tripadvisor.com,Female,194.12.79.148
404,Lynett,Stephens,lstephensb7@google.pl,Female,59.26.110.10
405,Jamaal,Goggey,jgoggeyb8@census.gov,Male,254.182.205.150
406,Natalina,Barck,nbarckb9@va.gov,Female,35.228.242.186
407,Carlen,Hamstead,chamsteadba@so-net.ne.jp,Female,81.25.56.93
408,Ed,Hentze,ehentzebb@netlog.com,Male,81.134.26.201
409,Kanya,Esbrook,kesbrookbc@ca.gov,Female,48.122.8.52
410,Clary,Starbuck,cstarbuckbd@ox.ac.uk,Female,225.68.95.170
411,Cymbre,Yepiskopov,cyepiskopovbe@about.com,Female,48.151.165.63
412,Jobyna,Caldeiro,jcaldeirobf@usa.gov,Female,180.220.67.112
413,Neall,Guerry,nguerrybg@chron.com,Male,76.195.28.188
414,Hobard,Casson,hcassonbh@aboutads.info,Male,250.34.73.201
415,Clark,Allden,calldenbi@tumblr.com,Male,189.30.120.130
416,Wallie,Fant,wfantbj@ox.ac.uk,Male,229.10.100.199
417,Cindie,Gladdolph,cgladdolphbk@imdb.com,Female,229.155.178.143
418,Brocky,Chippendale,bchippendalebl@sakura.ne.jp,Male,162.113.45.137
419,Garry,Annable,gannablebm@japanpost.jp,Male,100.48.253.149
420,Stormy,Dovey,sdoveybn@facebook.com,Female,170.94.215.148
421,Raphaela,Amorine,ramorinebo@mashable.com,Female,172.210.232.108
422,Ashlin,Jermy,ajermybp@amazon.co.uk,Male,69.62.51.69
423,Enrica,Drogan,edroganbq@sphinn.com,Female,175.119.89.149
424,Shina,Burtwell,sburtwellbr@house.gov,Female,67.208.64.242
425,Fraze,Howchin,fhowchinbs@ihg.com,Male,180.227.131.195
426,Bartolemo,Spieck,bspieckbt@gov.uk,Male,183.231.193.60
427,Yetty,Ricks,yricksbu@timesonline.co.uk,Female,198.135.107.192
428,Thorpe,Vallens,tvallensbv@furl.net,Male,132.241.162.15
429,Gradeigh,Bartozzi,gbartozzibw@cnet.com,Male,82.84.158.247
430,Cash,Blake,cblakebx@washingtonpost.com,Male,135.37.42.159
431,Carma,Molian,cmolianby@chicagotribune.com,Female,224.69.59.44
432,Felicia,Gorton,fgortonbz@deliciousdays.com,Female,164.85.68.59
433,Doe,Heustace,dheustacec0@creativecommons.org,Female,57.17.52.162
434,Hank,Linder,hlinderc1@jalbum.net,Male,18.91.16.150
435,Leroy,Moncarr,lmoncarrc2@wufoo.com,Male,105.26.220.2
436,Amalle,Bernardy,abernardyc3@indiegogo.com,Female,117.61.111.89
437,Elianore,Vossgen,evossgenc4@barnesandnoble.com,Female,247.70.216.36
438,Rinaldo,Hayworth,rhayworthc5@typepad.com,Male,184.63.218.227
439,Daron,Flea,dfleac6@cargocollective.com,Male,179.175.7.124
440,Irma,Dobrowolski,idobrowolskic7@engadget.com,Female,149.236.34.129
441,Hadleigh,Edgars,hedgarsc8@chronoengine.com,Male,184.187.67.249
442,Zach,Emanuelli,zemanuellic9@wiley.com,Male,63.115.196.210
443,Tulley,Berthelet,tbertheletca@1und1.de,Male,127.120.108.117
444,Caressa,Piddletown,cpiddletowncb@blogtalkradio.com,Female,51.179.69.13
445,Welsh,Goodyear,wgoodyearcc@alexa.com,Male,248.122.71.165
446,Paula,Musselwhite,pmusselwhitecd@msu.edu,Female,162.15.72.150
447,Jacquelyn,Osgood,josgoodce@nyu.edu,Female,152.6.148.32
448,Ermin,Broscombe,ebroscombecf@blinklist.com,Male,44.67.99.237
449,Hedvig,Peniman,hpenimancg@ask.com,Female,41.15.212.202
450,Timmie,Hiddsley,thiddsleych@arstechnica.com,Male,12.185.94.137
451,Brewster,Combes,bcombesci@mapy.cz,Male,200.198.84.99
452,Lek,Orviss,lorvisscj@who.int,Male,26.246.60.151
453,Darryl,McNair,dmcnairck@indiatimes.com,Female,111.184.41.103
454,Constantino,Kordova,ckordovacl@redcross.org,Male,62.198.87.189
455,Muhammad,Withringten,mwithringtencm@discovery.com,Male,69.27.246.177
456,Jaquelyn,Godard,jgodardcn@jalbum.net,Female,232.251.122.234
457,Chrisse,Boultwood,cboultwoodco@devhub.com,Male,113.36.154.207
458,Mattie,Longhorne,mlonghornecp@imgur.com,Female,90.213.163.39
459,Herby,Snalom,hsnalomcq@omniture.com,Male,222.51.52.107
460,Ellsworth,Le Jean,elejeancr@sciencedirect.com,Male,250.236.62.139
461,Donica,Fyall,dfyallcs@xinhuanet.com,Female,174.15.153.167
462,Morena,Shefton,msheftonct@reuters.com,Female,37.249.160.191
463,Melvyn,Broy,mbroycu@w3.org,Male,112.223.107.119
464,Corena,Parsand,cparsandcv@ed.gov,Female,157.244.47.173
465,Roma,Pagnin,rpagnincw@mapquest.com,Male,116.160.46.116
466,Twyla,Batters,tbatterscx@squarespace.com,Female,12.32.81.226
467,Sarge,Klugel,sklugelcy@epa.gov,Male,49.138.28.104
468,Derby,Connors,dconnorscz@cmu.edu,Male,230.6.234.126
469,Faunie,Simonett,fsimonettd0@adobe.com,Female,155.244.255.25
470,Jimmie,Marquand,jmarquandd1@storify.com,Male,105.134.188.40
471,Cara,Camell,ccamelld2@vimeo.com,Female,183.129.215.238
472,Miner,Beneyto,mbeneytod3@bbc.co.uk,Male,218.175.150.58
473,Kristine,Lovemore,klovemored4@jigsy.com,Female,197.83.152.146
474,Haleigh,Paridge,hparidged5@bigcartel.com,Female,238.39.113.122
475,Geri,Goulbourne,ggoulbourned6@xrea.com,Male,109.255.1.189
476,Bay,Dorracott,bdorracottd7@earthlink.net,Male,179.150.14.17
477,Trevor,Sonschein,tsonscheind8@imdb.com,Male,226.51.252.133
478,Theresita,MacCleay,tmaccleayd9@github.com,Female,133.27.59.127
479,Lindsey,McKeating,lmckeatingda@pen.io,Female,91.133.211.231
480,Chelsae,Robion,crobiondb@forbes.com,Female,168.160.241.70
481,Brandon,Reside,bresidedc@fc2.com,Male,16.191.68.61
482,Monte,Bloy,mbloydd@ow.ly,Male,208.201.138.207
483,Kele,Proudman,kproudmande@rakuten.co.jp,Male,114.100.72.142
484,Issi,Kealy,ikealydf@goo.ne.jp,Female,136.167.8.248
485,Lorna,Stempe,lstempedg@huffingtonpost.com,Female,178.240.27.11
486,Marsiella,O' Bee,mobeedh@va.gov,Female,55.61.28.177
487,Albina,Ades,aadesdi@fema.gov,Female,111.252.105.212
488,Arman,Lynock,alynockdj@miitbeian.gov.cn,Male,165.247.62.84
489,Jens,Fredi,jfredidk@digg.com,Male,80.235.2.239
490,Meg,Doggett,mdoggettdl@wix.com,Female,58.239.66.30
491,Court,Clemencet,cclemencetdm@printfriendly.com,Male,32.94.240.230
492,Rhoda,Caldeiro,rcaldeirodn@is.gd,Female,232.44.118.178
493,Teodoor,Merrien,tmerriendo@wikispaces.com,Male,180.135.244.240
494,Pryce,Tremoille,ptremoilledp@aol.com,Male,248.200.48.58
495,Arthur,Delves,adelvesdq@macromedia.com,Male,10.103.46.65
496,Thedrick,Isacq,tisacqdr@blog.com,Male,164.253.75.140
497,Myles,Keogh,mkeoghds@comsenz.com,Male,88.66.78.15
498,Maxine,Slainey,mslaineydt@123-reg.co.uk,Female,73.41.108.85
499,Lavinia,Dulieu,ldulieudu@constantcontact.com,Female,122.100.22.21
500,Maximilianus,Provest,mprovestdv@google.fr,Male,74.116.216.41
501,Thane,Deeley,tdeeleydw@etsy.com,Male,74.106.143.205
502,Marchelle,Oakinfold,moakinfolddx@sina.com.cn,Female,229.68.31.186
503,Katherina,Quincey,kquinceydy@stanford.edu,Female,216.227.89.215
504,Constantia,Hritzko,chritzkodz@unesco.org,Female,135.150.148.61
505,Damara,Retter,drettere0@fema.gov,Female,82.133.67.184
506,Jareb,Sonner,jsonnere1@yahoo.com,Male,164.178.134.15
507,Cecilio,Jaycox,cjaycoxe2@xrea.com,Male,209.79.77.212
508,Abbey,Beels,abeelse3@twitpic.com,Male,24.122.112.19
509,Renae,Torritti,rtorrittie4@odnoklassniki.ru,Female,200.253.168.77
510,Hollis,Sebrens,hsebrense5@joomla.org,Male,170.115.214.90
511,Kent,Reims,kreimse6@bbc.co.uk,Male,72.202.186.74
512,Barbey,Simoneau,bsimoneaue7@trellian.com,Female,123.23.55.150
513,Alane,Cushelly,acushellye8@apple.com,Female,204.18.125.182
514,Thedric,Bennoe,tbennoee9@acquirethisname.com,Male,31.186.45.241
515,Kathryne,Justice,kjusticeea@deliciousdays.com,Female,227.101.57.181
516,Siegfried,Robilliard,srobilliardeb@fema.gov,Male,72.150.251.33
517,Renate,Marti,rmartiec@ibm.com,Female,238.228.176.7
518,Everard,Varlow,evarlowed@msn.com,Male,244.253.133.92
519,Amelina,Guiu,aguiuee@java.com,Female,205.209.160.64
520,Chip,Thompsett,cthompsettef@cloudflare.com,Male,33.204.11.8
521,Don,Knowler,dknowlereg@wikia.com,Male,140.121.8.164
522,Sebastiano,Hammill,shammilleh@unesco.org,Male,128.111.251.238
523,Dag,Kobus,dkobusei@lycos.com,Male,240.18.252.31
524,Thorvald,Kingman,tkingmanej@wunderground.com,Male,234.42.144.119
525,Niccolo,Tolliday,ntollidayek@w3.org,Male,23.6.222.242
526,Zebadiah,Smallthwaite,zsmallthwaiteel@princeton.edu,Male,139.230.70.123
527,Caddric,Abdie,cabdieem@barnesandnoble.com,Male,167.244.238.42
528,Daphene,Butlin,dbutlinen@reddit.com,Female,89.76.121.200
529,Jay,Helsdon,jhelsdoneo@bluehost.com,Male,27.219.219.67
530,Ortensia,Wandrach,owandrachep@nationalgeographic.com,Female,100.189.6.25
531,Kareem,Leblanc,kleblanceq@furl.net,Male,77.115.103.18
532,Dre,Vasyukov,dvasyukover@constantcontact.com,Female,201.43.2.161
533,Donall,Rawling,drawlinges@tamu.edu,Male,163.106.237.71
534,Augie,Bartolic,abartolicet@wikispaces.com,Male,128.14.39.219
535,Betta,Fullun,bfulluneu@hao123.com,Female,85.183.60.73
536,Hilliard,Montford,hmontfordev@wikipedia.org,Male,88.161.55.57
537,Liza,Gley,lgleyew@ask.com,Female,99.226.120.33
538,Philippe,Moulson,pmoulsonex@qq.com,Female,250.183.194.8
539,Wanda,Ivankin,wivankiney@skype.com,Female,131.145.140.42
540,Manny,Gobbett,mgobbettez@a8.net,Male,196.86.30.254
541,Archaimbaud,Fetherston,afetherstonf0@miitbeian.gov.cn,Male,255.186.89.21
542,Tore,Cowderoy,tcowderoyf1@bandcamp.com,Male,99.38.87.183
543,Richy,Starbucke,rstarbuckef2@wiley.com,Male,241.78.144.218
544,Lucie,Kilgallon,lkilgallonf3@posterous.com,Female,133.137.85.45
545,Kearney,Isaksson,kisakssonf4@vistaprint.com,Male,113.239.115.221
546,Tawnya,Jeckells,tjeckellsf5@narod.ru,Female,121.229.253.196
547,Mandel,Drewe,mdrewef6@tumblr.com,Male,241.218.209.95
548,Lynelle,Fitzgerald,lfitzgeraldf7@hubpages.com,Female,186.31.177.182
549,Keslie,Kilvington,kkilvingtonf8@fotki.com,Female,225.57.77.121
550,Nollie,Lathleiff,nlathleifff9@bigcartel.com,Male,120.208.191.105
551,Jeni,Croxton,jcroxtonfa@cisco.com,Female,50.62.189.4
552,Dulci,Cordingly,dcordinglyfb@upenn.edu,Female,6.61.27.226
553,Bronnie,Novotna,bnovotnafc@msu.edu,Male,75.234.153.116
554,Byran,Ubsdell,bubsdellfd@webmd.com,Male,37.225.135.59
555,Kelsi,Gilbard,kgilbardfe@wunderground.com,Female,43.153.34.115
556,Yves,Mumford,ymumfordff@nsw.gov.au,Male,246.170.81.255
557,Nickolai,Deverille,ndeverillefg@ca.gov,Male,193.179.132.186
558,Darius,Eilers,deilersfh@imageshack.us,Male,187.65.249.253
559,Gladi,Giller,ggillerfi@surveymonkey.com,Female,49.0.32.98
560,Cymbre,Terren,cterrenfj@wired.com,Female,21.135.163.71
561,Evy,Croux,ecrouxfk@github.com,Female,197.104.145.233
562,Cly,Vearncombe,cvearncombefl@vimeo.com,Male,174.148.149.3
563,Georges,MacQueen,gmacqueenfm@rambler.ru,Male,44.236.15.9
564,Hi,Skillett,hskillettfn@fda.gov,Male,139.39.152.229
565,Pepe,Epine,pepinefo@nydailynews.com,Male,26.143.159.29
566,Heather,Cartmer,hcartmerfp@geocities.com,Female,243.238.244.207
567,Arnold,Bail,abailfq@mail.ru,Male,20.233.86.144
568,Alfonse,Pracy,apracyfr@diigo.com,Male,40.158.174.144
569,Sherwin,Broker,sbrokerfs@dedecms.com,Male,193.86.255.2
570,Sunshine,Brett,sbrettft@ifeng.com,Female,100.209.132.73
571,Zebedee,Herreros,zherrerosfu@exblog.jp,Male,70.74.154.158
572,Juan,Benois,jbenoisfv@marketwatch.com,Male,49.150.16.17
573,Pren,Milmoe,pmilmoefw@freewebs.com,Male,154.248.129.89
574,Marcia,Corington,mcoringtonfx@usgs.gov,Female,58.98.75.102
575,Stirling,Houlaghan,shoulaghanfy@dot.gov,Male,70.186.87.162
576,April,Yukhov,ayukhovfz@weebly.com,Female,10.141.101.205
577,Rob,Reveland,rrevelandg0@last.fm,Male,157.96.249.107
578,Isiahi,Downton,idowntong1@squarespace.com,Male,141.0.226.195
579,Witty,Mowling,wmowlingg2@smh.com.au,Male,89.80.229.206
580,Adena,Pardoe,apardoeg3@buzzfeed.com,Female,118.29.177.107
581,Yardley,Miliffe,ymiliffeg4@japanpost.jp,Male,209.242.136.224
582,Nap,Riolfi,nriolfig5@jalbum.net,Male,203.97.128.43
583,Christye,Skerme,cskermeg6@histats.com,Female,143.223.57.255
584,Vanya,Nisby,vnisbyg7@ox.ac.uk,Female,120.115.165.30
585,Jacqui,Waadenburg,jwaadenburgg8@whitehouse.gov,Female,211.56.143.13
586,Kerry,Bayford,kbayfordg9@examiner.com,Male,89.31.126.133
587,Zane,Purselow,zpurselowga@prnewswire.com,Male,243.94.115.81
588,Bax,Wells,bwellsgb@weather.com,Male,188.62.22.92
589,Rosa,Warburton,rwarburtongc@whitehouse.gov,Female,79.40.164.65
590,Tony,Grayshon,tgrayshongd@hexun.com,Male,247.141.169.170
591,Dalton,Rodliff,drodliffge@nifty.com,Male,148.125.46.173
592,Kipp,Nevison,knevisongf@mapy.cz,Male,234.165.112.16
593,Auroora,Goldstone,agoldstonegg@admin.ch,Female,186.66.59.54
594,Gardie,Leipelt,gleipeltgh@prnewswire.com,Male,29.110.108.50
595,Freddy,Chartman,fchartmangi@seesaa.net,Female,98.218.213.47
596,Keenan,Blonfield,kblonfieldgj@themeforest.net,Male,28.66.250.186
597,Craggy,Mustoo,cmustoogk@lulu.com,Male,106.67.225.135
598,Doe,Tellesson,dtellessongl@hibu.com,Female,159.97.219.129
599,Marjy,Murra,mmurragm@rediff.com,Female,62.8.205.21
600,Edsel,Siney,esineygn@unesco.org,Male,77.125.244.231
601,Arvy,Schutt,aschuttgo@earthlink.net,Male,52.55.85.33
602,Garth,Jarlmann,gjarlmanngp@stumbleupon.com,Male,80.248.194.126
603,Clayson,Senussi,csenussigq@sfgate.com,Male,49.116.122.195
604,Donavon,Shemmin,dshemmingr@uiuc.edu,Male,92.120.27.66
605,Marlie,Celez,mcelezgs@nyu.edu,Female,165.149.226.19
606,Margarethe,Fudge,mfudgegt@about.com,Female,232.190.100.222
607,Mireielle,Izakof,mizakofgu@salon.com,Female,89.102.130.59
608,Rebekah,Saipy,rsaipygv@angelfire.com,Female,234.170.39.146
609,Shepherd,Pavolillo,spavolillogw@spiegel.de,Male,133.184.187.95
610,Arlyne,Barnfield,abarnfieldgx@reddit.com,Female,82.41.173.107
611,Merilyn,Gallichiccio,mgallichicciogy@ocn.ne.jp,Female,185.80.75.189
612,Keri,Terne,kternegz@cyberchimps.com,Female,185.180.75.25
613,Ebony,Castells,ecastellsh0@pcworld.com,Female,216.24.237.131
614,Ansel,Palethorpe,apalethorpeh1@washingtonpost.com,Male,250.252.126.224
615,Keelby,Brailey,kbraileyh2@google.cn,Male,69.72.159.205
616,Helenelizabeth,Ubanks,hubanksh3@sbwire.com,Female,245.17.119.151
617,Elisabet,Gockelen,egockelenh4@bluehost.com,Female,75.194.75.217
618,Juieta,Selly,jsellyh5@columbia.edu,Female,239.13.39.150
619,Antonius,Pipet,apipeth6@ebay.com,Male,12.87.199.225
620,Alina,Hauch,ahauchh7@google.nl,Female,125.41.200.253
621,Augustine,Toyer,atoyerh8@gizmodo.com,Female,105.18.60.156
622,Dasi,Glasser,dglasserh9@360.cn,Female,36.11.232.226
623,Charmaine,Yosevitz,cyosevitzha@craigslist.org,Female,203.187.166.52
624,Walliw,Pele,wpelehb@noaa.gov,Female,37.212.113.234
625,Berk,Brunger,bbrungerhc@shutterfly.com,Male,229.81.80.74
626,Glenda,Southorn,gsouthornhd@smh.com.au,Female,155.183.10.36
627,Danny,Cheshire,dcheshirehe@exblog.jp,Female,224.104.219.67
628,Yasmeen,Fussell,yfussellhf@paypal.com,Female,99.55.38.126
629,Reinhold,Eltun,reltunhg@guardian.co.uk,Male,37.63.21.113
630,Fitz,Hounsham,fhounshamhh@timesonline.co.uk,Male,68.48.44.136
631,Lorelle,Palser,lpalserhi@answers.com,Female,120.10.20.247
632,Eugenie,Riveles,eriveleshj@pagesperso-orange.fr,Female,248.206.89.170
633,Devland,Twiggs,dtwiggshk@globo.com,Male,107.105.101.202
634,Donal,Dobbinson,ddobbinsonhl@icq.com,Male,205.164.6.197
635,Northrop,Joron,njoronhm@columbia.edu,Male,45.244.11.203
636,Shaun,Suffe,ssuffehn@reddit.com,Male,6.199.115.75
637,Nadine,Briscoe,nbriscoeho@flavors.me,Female,105.207.179.246
638,Brendon,Tarry,btarryhp@list-manage.com,Male,114.199.98.251
639,Roselle,Barens,rbarenshq@arstechnica.com,Female,220.216.17.26
640,Robyn,Clarkson,rclarksonhr@nbcnews.com,Female,51.5.104.169
641,Harman,Giblin,hgiblinhs@wufoo.com,Male,4.86.195.120
642,Harland,Tremathick,htremathickht@ifeng.com,Male,165.243.217.150
643,Saidee,Gwynne,sgwynnehu@cmu.edu,Female,26.219.63.21
644,Alayne,Anders,aandershv@elpais.com,Female,205.156.34.17
645,Whitaker,Yurtsev,wyurtsevhw@slashdot.org,Male,4.194.218.64
646,Andonis,Decker,adeckerhx@csmonitor.com,Male,246.12.119.234
647,Tansy,Tapner,ttapnerhy@ning.com,Female,213.137.167.72
648,Gardy,Gaither,ggaitherhz@issuu.com,Male,214.69.177.5
649,Fair,Searsby,fsearsbyi0@slideshare.net,Male,219.47.32.192
650,Arnold,Haining,ahainingi1@guardian.co.uk,Male,143.3.4.209
651,Rudolph,Tittershill,rtittershilli2@jiathis.com,Male,46.27.119.174
652,Merry,Le Cornu,mlecornui3@ycombinator.com,Female,71.221.221.44
653,Steffi,Waywell,swaywelli4@slideshare.net,Female,57.5.156.232
654,Berri,Landis,blandisi5@studiopress.com,Female,125.205.152.222
655,Tamas,Dils,tdilsi6@skyrock.com,Male,197.14.236.82
656,Vanessa,Thickins,vthickinsi7@miitbeian.gov.cn,Female,81.150.120.127
657,Elmira,Battelle,ebattellei8@paypal.com,Female,145.78.1.138
658,De witt,Thorndycraft,dthorndycrafti9@fastcompany.com,Male,252.255.220.44
659,Solomon,Damato,sdamatoia@economist.com,Male,165.118.111.98
660,Brody,Caccavale,bcaccavaleib@twitter.com,Male,131.245.20.239
661,Danna,MacCartair,dmaccartairic@pen.io,Female,88.48.18.67
662,Dru,Symmers,dsymmersid@merriam-webster.com,Male,231.58.254.114
663,Andris,Thompstone,athompstoneie@cpanel.net,Male,131.141.24.247
664,Tuck,Jonczyk,tjonczykif@reverbnation.com,Male,192.139.96.242
665,Janeczka,Camerello,jcamerelloig@hubpages.com,Female,213.143.158.69
666,Georgeanne,Craythorne,gcraythorneih@yolasite.com,Female,98.5.113.91
667,Bud,Leeuwerink,bleeuwerinkii@blogtalkradio.com,Male,222.182.200.38
668,Andy,Pattle,apattleij@blogspot.com,Female,86.95.75.91
669,Clay,Hansed,chansedik@cbsnews.com,Male,142.97.0.225
670,Annora,Shovelin,ashovelinil@pinterest.com,Female,4.143.249.67
671,Gusta,Kimmons,gkimmonsim@indiegogo.com,Female,116.47.196.34
672,Arden,Buchan,abuchanin@gov.uk,Female,241.90.32.79
673,Henrik,Wordley,hwordleyio@youtube.com,Male,181.45.73.163
674,Phil,Bolland,pbollandip@comsenz.com,Male,44.113.52.207
675,Kiersten,Plom,kplomiq@networksolutions.com,Female,223.132.195.50
676,Martynne,Wotherspoon,mwotherspoonir@tinypic.com,Female,223.254.162.155
677,Camile,Coddington,ccoddingtonis@utexas.edu,Female,209.95.60.141
678,Randolf,Djurevic,rdjurevicit@dot.gov,Male,251.179.52.34
679,Tome,Cullinan,tcullinaniu@qq.com,Male,106.36.142.19
680,Armand,Haydney,ahaydneyiv@guardian.co.uk,Male,24.213.190.35
681,Scarface,Manus,smanusiw@soundcloud.com,Male,133.99.50.171
682,Roxane,Ashment,rashmentix@yellowpages.com,Female,168.10.150.211
683,Renata,Ahern,raherniy@moonfruit.com,Female,44.148.51.161
684,Sunny,Thurstan,sthurstaniz@flavors.me,Male,78.178.244.223
685,Clarissa,Brumpton,cbrumptonj0@issuu.com,Female,129.120.237.74
686,Ki,Antuoni,kantuonij1@imgur.com,Female,209.125.47.251
687,Kirsteni,Twinborough,ktwinboroughj2@virginia.edu,Female,113.16.10.69
688,Niki,Scay,nscayj3@tumblr.com,Male,144.184.220.161
689,Lloyd,Orritt,lorrittj4@ucoz.ru,Male,147.6.57.60
690,Blayne,Chatin,bchatinj5@yahoo.com,Male,156.70.240.10
691,Briny,Pritchitt,bpritchittj6@angelfire.com,Female,239.9.195.173
692,Aldis,Brocklehurst,abrocklehurstj7@hatena.ne.jp,Male,208.232.224.94
693,Ulises,Siddens,usiddensj8@sogou.com,Male,226.16.108.138
694,Cleve,Chadwin,cchadwinj9@cmu.edu,Male,134.114.43.84
695,Tillie,Chaize,tchaizeja@intel.com,Female,93.250.65.249
696,Willem,Haysey,whayseyjb@ebay.com,Male,54.70.119.132
697,Lorrie,Ox,loxjc@icio.us,Male,246.64.242.254
698,Walther,Franzonetti,wfranzonettijd@mapy.cz,Male,79.164.68.76
699,Louisette,O'Roan,loroanje@statcounter.com,Female,245.59.21.178
700,Antone,Umfrey,aumfreyjf@cnn.com,Male,206.19.4.132
701,Bret,Crandon,bcrandonjg@miitbeian.gov.cn,Male,6.52.80.20
702,Artus,Burrel,aburreljh@ucsd.edu,Male,170.205.39.38
703,Sharyl,Reeken,sreekenji@cdc.gov,Female,114.102.228.216
704,Sandye,Labes,slabesjj@blinklist.com,Female,217.116.0.179
705,Grant,Dupre,gduprejk@blogs.com,Male,206.11.177.46
706,Iris,Cottis,icottisjl@google.it,Female,214.10.252.255
707,Candra,Troy,ctroyjm@oakley.com,Female,28.43.251.31
708,Othella,O'Feeny,oofeenyjn@dropbox.com,Female,97.20.225.90
709,Lee,Carrane,lcarranejo@a8.net,Female,168.247.43.21
710,Jakie,Baxter,jbaxterjp@uiuc.edu,Male,70.30.208.8
711,Ina,Sapey,isapeyjq@mtv.com,Female,0.58.20.185
712,Emylee,Methuen,emethuenjr@google.de,Female,61.63.89.72
713,Krispin,Gascar,kgascarjs@arizona.edu,Male,6.86.18.153
714,Ariella,Durrand,adurrandjt@huffingtonpost.com,Female,155.73.59.158
715,Hedwiga,Beneteau,hbeneteauju@nymag.com,Female,14.181.186.170
716,Aharon,Le land,alelandjv@cnbc.com,Male,233.150.123.15
717,Cesaro,Wrankling,cwranklingjw@canalblog.com,Male,5.100.215.209
718,Jervis,Tabourier,jtabourierjx@bloomberg.com,Male,65.20.160.77
719,Ketti,Leuchars,kleucharsjy@zdnet.com,Female,54.104.201.31
720,Elsinore,Guess,eguessjz@e-recht24.de,Female,243.150.146.115
721,Orel,Balmann,obalmannk0@ezinearticles.com,Female,60.43.203.246
722,Hiram,Abson,habsonk1@blinklist.com,Male,93.167.58.2
723,Korey,Braun,kbraunk2@spotify.com,Male,97.53.159.174
724,Roldan,Hathorn,rhathornk3@dropbox.com,Male,223.181.41.21
725,Andrej,Twinbourne,atwinbournek4@nifty.com,Male,9.41.39.155
726,Rasla,Jimmes,rjimmesk5@weather.com,Female,165.248.244.125
727,Filmore,Southwell,fsouthwellk6@springer.com,Male,157.5.201.186
728,Alvera,Weinberg,aweinbergk7@apple.com,Female,23.3.93.116
729,Audrey,Batho,abathok8@google.co.uk,Female,202.24.25.9
730,Jeno,Cazalet,jcazaletk9@newsvine.com,Male,128.86.177.207
731,Chicky,Buer,cbuerka@tripadvisor.com,Male,206.210.179.95
732,Nataniel,Showen,nshowenkb@t.co,Male,162.58.144.53
733,Anissa,Bozier,abozierkc@yellowpages.com,Female,29.120.227.35
734,Julietta,MacCart,jmaccartkd@typepad.com,Female,97.114.5.43
735,Griffy,Truman,gtrumanke@ucoz.com,Male,71.143.199.28
736,Cordula,Kopp,ckoppkf@zimbio.com,Female,168.34.209.226
737,Philomena,Lauthian,plauthiankg@ycombinator.com,Female,230.212.9.249
738,Selma,Wegner,swegnerkh@dmoz.org,Female,121.104.186.206
739,Pancho,McKernon,pmckernonki@godaddy.com,Male,29.53.144.139
740,Kelci,Clemont,kclemontkj@blogger.com,Female,246.58.150.140
741,Toby,Pottle,tpottlekk@instagram.com,Male,198.100.38.41
742,Junie,Kares,jkareskl@stumbleupon.com,Female,57.73.210.81
743,Benedicta,McMeekin,bmcmeekinkm@globo.com,Female,44.240.37.212
744,Jilleen,Keig,jkeigkn@timesonline.co.uk,Female,78.169.122.89
745,Vidovik,Paviour,vpaviourko@goo.ne.jp,Male,28.136.154.239
746,Leonid,Rassell,lrassellkp@sitemeter.com,Male,196.122.200.117
747,Stella,Rostron,srostronkq@china.com.cn,Female,85.163.86.104
748,Sibeal,Mainland,smainlandkr@army.mil,Female,148.242.3.83
749,Stephannie,Mechem,smechemks@baidu.com,Female,126.151.19.233
750,Rodi,Demangel,rdemangelkt@guardian.co.uk,Female,27.31.175.22
751,Upton,Castiglioni,ucastiglioniku@comsenz.com,Male,33.81.97.9
752,Rubina,Jewell,rjewellkv@shutterfly.com,Female,13.17.164.131
753,Stafani,Slowly,sslowlykw@indiatimes.com,Female,149.82.170.218
754,Cassey,Fazan,cfazankx@independent.co.uk,Female,62.190.163.172
755,Aleksandr,Schoffel,aschoffelky@webnode.com,Male,7.173.179.215
756,Filmer,Colbert,fcolbertkz@godaddy.com,Male,104.34.18.58
757,Sibyl,Delgado,sdelgadol0@studiopress.com,Male,108.20.198.22
758,Barnett,Owbridge,bowbridgel1@mayoclinic.com,Male,77.117.60.174
759,Valerye,Barbary,vbarbaryl2@flavors.me,Female,87.229.216.164
760,Giffard,Garces,ggarcesl3@hp.com,Male,36.142.250.147
761,Derron,Friedenbach,dfriedenbachl4@livejournal.com,Male,30.94.145.120
762,Faber,Dick,fdickl5@sbwire.com,Male,210.250.159.47
763,Zsazsa,Sutherington,zsutheringtonl6@desdev.cn,Female,13.33.142.85
764,Carver,Rockcliff,crockcliffl7@noaa.gov,Male,203.190.95.183
765,Glad,Rackham,grackhaml8@cisco.com,Female,126.26.34.250
766,Kath,Rawles,krawlesl9@yale.edu,Female,141.226.210.7
767,Jonas,McVane,jmcvanela@mapy.cz,Male,33.124.1.241
768,Guntar,Dimnage,gdimnagelb@booking.com,Male,111.194.255.134
769,Joceline,Pendall,jpendalllc@xrea.com,Female,97.94.230.255
770,Giustino,Mattingley,gmattingleyld@ning.com,Male,54.158.0.65
771,Ibby,Otson,iotsonle@istockphoto.com,Female,168.155.114.196
772,Loreen,Wrack,lwracklf@msn.com,Female,42.36.206.247
773,Herta,Howitt,hhowittlg@home.pl,Female,0.87.162.129
774,Filberto,Pimblotte,fpimblottelh@mayoclinic.com,Male,198.189.167.158
775,Bartholomeus,Slaght,bslaghtli@unc.edu,Male,71.89.245.112
776,Benedick,Bassham,bbasshamlj@xrea.com,Male,76.222.127.10
777,Jaime,Duprey,jdupreylk@google.cn,Male,170.13.166.249
778,Kellie,Mountlow,kmountlowll@multiply.com,Female,43.95.141.203
779,Yorgos,Darte,ydartelm@google.ca,Male,20.234.145.86
780,Beatrix,Mattes,bmattesln@upenn.edu,Female,231.202.255.252
781,Dene,Vegas,dvegaslo@tuttocitta.it,Male,228.104.25.70
782,Joceline,Fawcett,jfawcettlp@boston.com,Female,233.3.59.221
783,Joshuah,Elbourne,jelbournelq@amazonaws.com,Male,41.77.201.22
784,Brantley,Paley,bpaleylr@purevolume.com,Male,125.84.177.35
785,See,Dibson,sdibsonls@cnet.com,Male,70.159.209.151
786,Nikola,McQuorkel,nmcquorkellt@whitehouse.gov,Male,169.241.235.212
787,Janina,Rathke,jrathkelu@noaa.gov,Female,230.50.249.107
788,Kendal,Zaczek,kzaczeklv@wikipedia.org,Male,133.246.105.104
789,Codi,Fullick,cfullicklw@t.co,Female,208.50.229.196
790,Cello,Slate,cslatelx@multiply.com,Male,201.203.206.47
791,Che,Hatton,chattonly@pinterest.com,Male,81.8.106.74
792,Tremayne,Scroxton,tscroxtonlz@fc2.com,Male,251.240.134.9
793,Teodor,Prandy,tprandym0@thetimes.co.uk,Male,169.181.63.21
794,Garrot,Stiling,gstilingm1@reference.com,Male,251.49.61.248
795,Boote,Quantrell,bquantrellm2@last.fm,Male,136.223.29.249
796,Lilias,Linke,llinkem3@hc360.com,Female,119.199.158.131
797,Price,Tumielli,ptumiellim4@nifty.com,Male,90.178.6.207
798,Agustin,Hovenden,ahovendenm5@ihg.com,Male,184.168.90.56
799,Marylee,Velasquez,mvelasquezm6@hp.com,Female,137.49.141.155
800,Sheila-kathryn,Shiril,sshirilm7@cdc.gov,Female,155.11.95.249
801,Percival,Sand,psandm8@home.pl,Male,41.249.189.32
802,Virgie,Reeves,vreevesm9@mtv.com,Female,70.171.52.3
803,Deloria,Meek,dmeekma@icio.us,Female,187.142.146.78
804,Bogart,Koppe,bkoppemb@parallels.com,Male,57.237.250.10
805,Dulci,Grube,dgrubemc@liveinternet.ru,Female,24.167.73.70
806,Colleen,Albert,calbertmd@ed.gov,Female,240.172.234.185
807,Shawna,Gut,sgutme@sciencedirect.com,Female,249.215.211.245
808,Kiah,Gianolini,kgianolinimf@house.gov,Female,45.105.114.130
809,Ty,Lemmer,tlemmermg@omniture.com,Male,193.146.72.31
810,Audrie,Gotmann,agotmannmh@wix.com,Female,252.86.82.238
811,Othelia,Napoleon,onapoleonmi@bizjournals.com,Female,239.231.248.241
812,Christan,McLeoid,cmcleoidmj@cbslocal.com,Female,143.127.63.147
813,Chiquita,De Goey,cdegoeymk@usnews.com,Female,207.24.116.136
814,Toby,Blagden,tblagdenml@zdnet.com,Female,83.7.89.186
815,Abigael,Badder,abaddermm@hostgator.com,Female,206.188.206.70
816,Alfredo,Enion,aenionmn@vinaora.com,Male,62.166.236.35
817,Marcelline,Sprulls,msprullsmo@senate.gov,Female,106.137.147.217
818,Addia,Sent,asentmp@chicagotribune.com,Female,139.243.39.83
819,Annadiana,Ferronet,aferronetmq@phoca.cz,Female,202.102.136.3
820,Kaleb,Wodham,kwodhammr@mysql.com,Male,172.137.209.231
821,Beltran,Wimlet,bwimletms@163.com,Male,123.220.57.32
822,Franny,O'Connel,foconnelmt@chicagotribune.com,Female,181.219.54.63
823,Lonnie,Farnish,lfarnishmu@last.fm,Male,212.179.148.33
824,Ottilie,Marshland,omarshlandmv@icio.us,Female,193.192.81.81
825,Almeta,Juorio,ajuoriomw@scribd.com,Female,177.105.70.156
826,Garvey,Iacovides,giacovidesmx@kickstarter.com,Male,5.174.117.142
827,Parsifal,Danilin,pdanilinmy@stanford.edu,Male,150.34.61.182
828,Ethelyn,Matherson,emathersonmz@people.com.cn,Female,137.74.54.149
829,Davidde,Morrish,dmorrishn0@ocn.ne.jp,Male,51.22.57.0
830,Gabe,Ecob,gecobn1@pinterest.com,Male,254.244.106.249
831,Filmore,Wanell,fwanelln2@studiopress.com,Male,15.114.172.138
832,Zelma,Argue,zarguen3@zdnet.com,Female,48.52.211.242
833,Harley,Lavens,hlavensn4@goodreads.com,Male,191.146.61.136
834,Brose,Bleackley,bbleackleyn5@nymag.com,Male,48.177.154.255
835,Mollie,Godsafe,mgodsafen6@berkeley.edu,Female,13.157.60.197
836,Hesther,Whitington,hwhitingtonn7@vk.com,Female,67.27.94.194
837,Alisa,Yushkov,ayushkovn8@unicef.org,Female,75.231.44.129
838,Harlen,Minifie,hminifien9@ox.ac.uk,Male,229.140.92.194
839,Saleem,Bruford,sbrufordna@themeforest.net,Male,102.24.188.22
840,Emera,Napier,enapiernb@infoseek.co.jp,Female,140.106.161.147
841,Pauly,Pounder,ppoundernc@jalbum.net,Male,229.234.80.146
842,Cyb,Thompson,cthompsonnd@drupal.org,Female,162.7.11.35
843,Kelsey,Lorne,klornene@irs.gov,Male,200.231.149.201
844,Rosalinde,Haswall,rhaswallnf@dailymail.co.uk,Female,59.179.90.159
845,Mack,Shernock,mshernockng@chron.com,Male,224.129.32.186
846,Corabella,Hair,chairnh@ucoz.ru,Female,142.70.127.251
847,Delmore,MacAndrew,dmacandrewni@nih.gov,Male,177.29.61.178
848,Elnar,Galvin,egalvinnj@opensource.org,Male,11.214.233.18
849,Augustine,Whillock,awhillocknk@amazonaws.com,Male,104.49.59.176
850,Alonso,Cestard,acestardnl@facebook.com,Male,123.34.146.161
851,Harriot,Bingle,hbinglenm@sohu.com,Female,103.213.94.190
852,Sherill,Blei,sbleinn@odnoklassniki.ru,Female,28.121.181.221
853,Buddy,Hughman,bhughmanno@github.io,Male,65.20.104.33
854,Shelley,Verner,svernernp@squidoo.com,Male,137.47.15.61
855,Yelena,Extil,yextilnq@zdnet.com,Female,109.56.145.126
856,Sadie,Raynor,sraynornr@cornell.edu,Female,8.118.229.150
857,Orbadiah,Camplejohn,ocamplejohnns@newsvine.com,Male,90.192.77.10
858,Ximenez,Woolf,xwoolfnt@symantec.com,Male,7.164.70.41
859,Deanne,Anderson,dandersonnu@addtoany.com,Female,199.39.78.189
860,Raimondo,Swidenbank,rswidenbanknv@yahoo.co.jp,Male,43.50.6.111
861,Jeffry,Bener,jbenernw@typepad.com,Male,116.178.45.138
862,Daffie,McInnerny,dmcinnernynx@parallels.com,Female,190.246.171.86
863,Borg,Marshalleck,bmarshalleckny@time.com,Male,119.219.152.138
864,Moritz,Durran,mdurrannz@pagesperso-orange.fr,Male,209.180.29.170
865,Alleyn,Garz,agarzo0@liveinternet.ru,Male,40.128.210.76
866,Marysa,Ullyott,mullyotto1@skyrock.com,Female,112.172.208.235
867,Dougie,Lain,dlaino2@gizmodo.com,Male,200.8.229.118
868,Eden,Dicke,edickeo3@phpbb.com,Female,100.65.59.73
869,Meaghan,Blazek,mblazeko4@china.com.cn,Female,140.190.219.169
870,Sutherland,Caldicot,scaldicoto5@npr.org,Male,110.55.184.203
871,Brantley,Meeus,bmeeuso6@google.it,Male,91.2.16.55
872,Flora,Aubin,faubino7@mayoclinic.com,Female,155.99.71.204
873,Warde,Abrahamovitz,wabrahamovitzo8@360.cn,Male,24.231.143.46
874,Aggi,Greeding,agreedingo9@china.com.cn,Female,235.50.72.239
875,Andonis,Harrington,aharringtonoa@state.gov,Male,191.189.112.44
876,Dotty,Probet,dprobetob@tmall.com,Female,30.236.189.24
877,Devi,Banker,dbankeroc@wufoo.com,Female,150.194.217.252
878,Hobart,Knutton,hknuttonod@xrea.com,Male,10.130.68.133
879,Jobye,McPherson,jmcphersonoe@va.gov,Female,21.190.3.203
880,Jasmin,Premble,jprembleof@issuu.com,Female,235.154.246.164
881,Tedie,Finlow,tfinlowog@mediafire.com,Male,119.186.184.34
882,Caron,Brood,cbroodoh@csmonitor.com,Female,243.4.65.38
883,Tabor,Kirvell,tkirvelloi@tmall.com,Male,241.138.180.106
884,Drusie,Denisyev,ddenisyevoj@wiley.com,Female,10.75.204.109
885,Eli,Allman,eallmanok@dailymotion.com,Male,15.139.95.131
886,Alameda,Cowton,acowtonol@shutterfly.com,Female,92.84.183.88
887,Cary,Dowrey,cdowreyom@unc.edu,Male,105.108.194.231
888,Lorenzo,Peplay,lpeplayon@instagram.com,Male,251.45.69.231
889,Carita,Moorwood,cmoorwoodoo@census.gov,Female,81.135.16.5
890,Paddy,Pedersen,ppedersenop@archive.org,Male,236.202.221.161
891,Betty,Elliot,belliotoq@deviantart.com,Female,25.68.239.173
892,Ambrosio,De Stoop,adestoopor@boston.com,Male,35.187.200.242
893,Damon,Skingley,dskingleyos@mapy.cz,Male,92.3.238.117
894,Lois,Keig,lkeigot@twitpic.com,Female,49.173.187.120
895,Averell,Kerslake,akerslakeou@cdc.gov,Male,16.41.32.19
896,Lindsay,Clemintoni,lclemintoniov@vistaprint.com,Female,52.50.141.53
897,Karlyn,Lennon,klennonow@cnet.com,Female,68.143.8.103
898,Del,Bauman,dbaumanox@loc.gov,Male,158.103.53.18
899,Stillman,Shoobridge,sshoobridgeoy@sitemeter.com,Male,118.15.181.181
900,Yard,Keeney,ykeeneyoz@meetup.com,Male,89.28.28.192
901,Kahaleel,Butlin,kbutlinp0@cbc.ca,Male,18.10.111.4
902,Trescha,Lowbridge,tlowbridgep1@opera.com,Female,211.218.7.15
903,Arturo,Yousef,ayousefp2@mlb.com,Male,141.37.203.242
904,Barbabra,Jentges,bjentgesp3@youtube.com,Female,83.64.61.155
905,Paola,Kinleyside,pkinleysidep4@house.gov,Female,61.57.6.66
906,Garwood,Abdie,gabdiep5@dot.gov,Male,224.230.227.86
907,Louis,Doherty,ldohertyp6@sciencedaily.com,Male,41.69.135.221
908,Arty,Keer,akeerp7@nationalgeographic.com,Male,243.220.23.72
909,Phebe,Pezey,ppezeyp8@indiegogo.com,Female,251.18.29.26
910,Emmeline,Isles,eislesp9@addthis.com,Female,0.137.86.106
911,Rainer,Naseby,rnasebypa@histats.com,Male,253.25.108.193
912,Leonard,Elderidge,lelderidgepb@webnode.com,Male,66.226.24.130
913,Zsazsa,O'Rafferty,zoraffertypc@berkeley.edu,Female,104.181.10.104
914,Joceline,Dukelow,jdukelowpd@reference.com,Female,197.237.74.198
915,Kelley,Wand,kwandpe@wix.com,Female,45.148.93.196
916,Elsworth,Dabrowski,edabrowskipf@uiuc.edu,Male,90.192.39.169
917,Dulcia,Matthai,dmatthaipg@sciencedaily.com,Female,236.240.227.44
918,Glynnis,Hek,ghekph@jalbum.net,Female,69.49.216.26
919,Bale,Dickin,bdickinpi@redcross.org,Male,111.121.43.215
920,Glenine,Basile,gbasilepj@t.co,Female,4.114.217.106
921,Annecorinne,Creavin,acreavinpk@washingtonpost.com,Female,89.36.215.207
922,Libbey,Heel,lheelpl@sina.com.cn,Female,236.247.64.243
923,Estevan,Fehner,efehnerpm@amazon.de,Male,174.177.55.246
924,Markus,Saines,msainespn@jiathis.com,Male,139.145.98.108
925,Alaster,Baynes,abaynespo@guardian.co.uk,Male,187.200.164.157
926,Sandor,Callaby,scallabypp@cloudflare.com,Male,160.229.211.82
927,Timmie,Mortimer,tmortimerpq@weibo.com,Male,108.156.132.31
928,Franky,Dalwood,fdalwoodpr@istockphoto.com,Male,30.37.4.91
929,Tammy,Connop,tconnopps@washington.edu,Female,180.220.172.199
930,Avery,Garfath,agarfathpt@bbc.co.uk,Male,197.92.167.74
931,Vic,Prydden,vpryddenpu@hatena.ne.jp,Male,162.52.66.81
932,Ingra,Northall,inorthallpv@yahoo.com,Male,165.9.193.179
933,Tiffi,Andress,tandresspw@joomla.org,Female,24.151.87.112
934,Weider,Hadingham,whadinghampx@last.fm,Male,189.186.60.41
935,Jack,Barracks,jbarrackspy@loc.gov,Male,177.225.176.18
936,Edee,Eagan,eeaganpz@amazon.co.jp,Female,205.126.94.35
937,Estel,Notley,enotleyq0@cornell.edu,Female,113.124.156.22
938,Sharity,Dolman,sdolmanq1@google.co.uk,Female,21.96.198.126
939,Celeste,Ciccottini,cciccottiniq2@ebay.com,Female,70.118.135.125
940,Franni,Berriman,fberrimanq3@netscape.com,Female,175.172.229.199
941,Meredithe,Preene,mpreeneq4@gizmodo.com,Female,140.199.250.16
942,Parsifal,Marson,pmarsonq5@wikipedia.org,Male,119.79.140.11
943,Enrico,Dowsett,edowsettq6@nationalgeographic.com,Male,117.54.147.108
944,Josy,Duns,jdunsq7@sphinn.com,Female,104.6.85.25
945,Lexine,Coburn,lcoburnq8@google.es,Female,38.201.137.22
946,Faber,Turfus,fturfusq9@unicef.org,Male,243.82.233.21
947,Milka,Geldard,mgeldardqa@cdc.gov,Female,211.147.153.217
948,Shepherd,Ackeroyd,sackeroydqb@blogger.com,Male,175.92.159.131
949,Thayne,Schimon,tschimonqc@e-recht24.de,Male,41.104.208.208
950,Sioux,Scholes,sscholesqd@smugmug.com,Female,171.205.138.100
951,Vinnie,Botten,vbottenqe@usda.gov,Male,131.141.98.139
952,Rickert,Balser,rbalserqf@tamu.edu,Male,6.114.253.42
953,Sisile,Albarez,salbarezqg@icq.com,Female,121.212.119.2
954,Sydney,Stroton,sstrotonqh@cbsnews.com,Female,106.152.199.147
955,Miller,Glanfield,mglanfieldqi@last.fm,Male,215.25.91.102
956,Farah,Mapplebeck,fmapplebeckqj@furl.net,Female,22.229.19.170
957,Sutherland,Helliker,shellikerqk@about.com,Male,219.139.101.39
958,Gardie,Beall,gbeallql@amazon.de,Male,44.36.142.23
959,Arie,Lashford,alashfordqm@squidoo.com,Male,89.249.52.13
960,Ivonne,Moorwood,imoorwoodqn@prlog.org,Female,60.7.198.193
961,Wilmar,Pawlata,wpawlataqo@weather.com,Male,52.203.25.45
962,Mona,McDill,mmcdillqp@prlog.org,Female,193.197.36.125
963,Alfie,Trighton,atrightonqq@vimeo.com,Female,18.72.151.146
964,Eudora,Fudge,efudgeqr@myspace.com,Female,242.126.62.183
965,Gustavus,Ellershaw,gellershawqs@deliciousdays.com,Male,0.180.220.244
966,Zak,Launder,zlaunderqt@hostgator.com,Male,164.224.140.235
967,Jilli,Berzen,jberzenqu@buzzfeed.com,Female,102.63.243.97
968,Tommy,Eagleton,teagletonqv@cdc.gov,Female,173.223.166.156
969,Janice,Benz,jbenzqw@privacy.gov.au,Female,208.147.167.185
970,Shannon,Acedo,sacedoqx@ustream.tv,Female,90.125.90.193
971,Sharia,Brandli,sbrandliqy@google.es,Female,238.6.5.2
972,Blanch,Joscelyn,bjoscelynqz@topsy.com,Female,160.191.153.200
973,Wit,Birchenough,wbirchenoughr0@hubpages.com,Male,72.163.77.57
974,Janice,Doodson,jdoodsonr1@t.co,Female,125.241.215.142
975,Ikey,Wistance,iwistancer2@bigcartel.com,Male,148.195.164.183
976,Dew,Shoppee,dshoppeer3@delicious.com,Male,39.14.205.112
977,Edan,Sabie,esabier4@cargocollective.com,Male,52.43.102.40
978,Kathe,Marron,kmarronr5@huffingtonpost.com,Female,184.109.131.209
979,Derward,Aneley,daneleyr6@java.com,Male,212.8.29.59
980,Clement,Terrelly,cterrellyr7@oracle.com,Male,180.117.38.55
981,Gayelord,Moorcraft,gmoorcraftr8@exblog.jp,Male,86.54.108.161
982,Lavinie,Seczyk,lseczykr9@behance.net,Female,141.60.161.119
983,Mathias,Chinnock,mchinnockra@webeden.co.uk,Male,97.161.169.61
984,Hoebart,Kasparski,hkasparskirb@wiley.com,Male,226.207.26.83
985,Ronny,Collisson,rcollissonrc@e-recht24.de,Female,252.243.132.27
986,Geoff,Scanlan,gscanlanrd@marriott.com,Male,16.30.176.235
987,Richardo,Pistol,rpistolre@wikipedia.org,Male,19.179.253.171
988,Benoite,Mountstephen,bmountstephenrf@newsvine.com,Female,11.190.24.63
989,Kendricks,Barraclough,kbarracloughrg@statcounter.com,Male,101.100.250.232
990,Randolph,Smaridge,rsmaridgerh@photobucket.com,Male,168.179.98.67
991,Lorrin,Bolderstone,lbolderstoneri@ca.gov,Female,147.37.197.73
992,Durward,Justun,djustunrj@sogou.com,Male,81.55.140.222
993,Patric,Snoddin,psnoddinrk@themeforest.net,Male,63.105.242.72
994,Vanna,McNeice,vmcneicerl@acquirethisname.com,Female,162.1.196.64
995,Maryjane,Haydney,mhaydneyrm@gov.uk,Female,51.87.52.23
996,Griffin,Corsar,gcorsarrn@seattletimes.com,Male,112.224.48.106
997,Leola,Sent,lsentro@list-manage.com,Female,37.152.59.197
998,Davide,Booton,dbootonrp@go.com,Male,196.244.168.174
999,Eleonore,Furber,efurberrq@tripadvisor.com,Female,91.61.203.253
1000,Tomaso,Marte,tmarterr@weather.com,Male,46.235.119.25
